[
	{
		"id": 47,
		"name": "Content",
		"layerFrame": {
			"x": 0,
			"y": 0,
			"width": 640,
			"height": 1096
		},
		"maskFrame": null,
		"image": null,
		"imageType": null,
		"children": [
			{
				"id": 26,
				"name": "Searchbox",
				"layerFrame": {
					"x": 0,
					"y": 0,
					"width": 640,
					"height": 1096
				},
				"maskFrame": null,
				"image": {
					"path": "images/Searchbox.png",
					"frame": {
						"x": 36,
						"y": 470,
						"width": 568,
						"height": 93
					}
				},
				"imageType": "png",
				"children": [
					
				],
				"modification": "399337242"
			},
			{
				"id": 28,
				"name": "Logo",
				"layerFrame": {
					"x": 0,
					"y": 0,
					"width": 640,
					"height": 1096
				},
				"maskFrame": null,
				"image": {
					"path": "images/Logo.png",
					"frame": {
						"x": 112,
						"y": 301,
						"width": 417,
						"height": 144
					}
				},
				"imageType": "png",
				"children": [
					
				],
				"modification": "1895413222"
			},
			{
				"id": 35,
				"name": "TrafficCard",
				"layerFrame": {
					"x": 0,
					"y": 0,
					"width": 640,
					"height": 1096
				},
				"maskFrame": null,
				"image": {
					"path": "images/TrafficCard.png",
					"frame": {
						"x": 25,
						"y": 312,
						"width": 588,
						"height": 460
					}
				},
				"imageType": "png",
				"children": [
					
				],
				"modification": "1895413224"
			},
			{
				"id": 33,
				"name": "MovieCard",
				"layerFrame": {
					"x": 0,
					"y": 0,
					"width": 640,
					"height": 1096
				},
				"maskFrame": null,
				"image": {
					"path": "images/MovieCard.png",
					"frame": {
						"x": 23,
						"y": 104,
						"width": 596,
						"height": 889
					}
				},
				"imageType": "png",
				"children": [
					
				],
				"modification": "1895413227"
			},
			{
				"id": 39,
				"name": "TimeCard",
				"layerFrame": {
					"x": 0,
					"y": 0,
					"width": 640,
					"height": 1096
				},
				"maskFrame": null,
				"image": {
					"path": "images/TimeCard.png",
					"frame": {
						"x": 21,
						"y": 479,
						"width": 596,
						"height": 139
					}
				},
				"imageType": "png",
				"children": [
					
				],
				"modification": "1895413229"
			},
			{
				"id": 41,
				"name": "Context",
				"layerFrame": {
					"x": 0,
					"y": 0,
					"width": 640,
					"height": 1096
				},
				"maskFrame": null,
				"image": {
					"path": "images/Context.png",
					"frame": {
						"x": 0,
						"y": 0,
						"width": 640,
						"height": 291
					}
				},
				"imageType": "png",
				"children": [
					
				],
				"modification": "1895413253"
			},
			{
				"id": 15,
				"name": "Actions",
				"layerFrame": {
					"x": 0,
					"y": 0,
					"width": 640,
					"height": 1096
				},
				"maskFrame": null,
				"image": {
					"path": "images/Actions.png",
					"frame": {
						"x": 108,
						"y": 820,
						"width": 430,
						"height": 99
					}
				},
				"imageType": "png",
				"children": [
					
				],
				"modification": "408926027"
			},
			{
				"id": 23,
				"name": "Top",
				"layerFrame": {
					"x": 0,
					"y": 0,
					"width": 640,
					"height": 1096
				},
				"maskFrame": null,
				"image": {
					"path": "images/Top.png",
					"frame": {
						"x": 21,
						"y": 22,
						"width": 585,
						"height": 60
					}
				},
				"imageType": "png",
				"children": [
					
				],
				"modification": "1319611731"
			},
			{
				"id": 43,
				"name": "Background",
				"layerFrame": {
					"x": 0,
					"y": 0,
					"width": 640,
					"height": 1096
				},
				"maskFrame": null,
				"image": {
					"path": "images/Background.png",
					"frame": {
						"x": 0,
						"y": 0,
						"width": 640,
						"height": 1096
					}
				},
				"imageType": "png",
				"children": [
					
				],
				"modification": "1895532603"
			}
		],
		"modification": "448877635"
	},
	{
		"id": 74,
		"name": "StatusBar",
		"layerFrame": {
			"x": 0,
			"y": 0,
			"width": 640,
			"height": 1096
		},
		"maskFrame": null,
		"image": {
			"path": "images/StatusBar.png",
			"frame": {
				"x": 0,
				"y": 0,
				"width": 640,
				"height": 44
			}
		},
		"imageType": "png",
		"children": [
			
		],
		"modification": "1263573184"
	}
]