[
	{
		"id": 22,
		"name": "Screen",
		"layerFrame": {
			"x": 0,
			"y": 0,
			"width": 2120,
			"height": 6179
		},
		"maskFrame": {
			"x": 0,
			"y": 0,
			"width": 640,
			"height": 1136
		},
		"image": {
			"path": "images/Screen.png",
			"frame": {
				"x": 0,
				"y": 0,
				"width": 640,
				"height": 1136
			}
		},
		"imageType": "png",
		"children": [
			{
				"id": 223,
				"name": "safe",
				"layerFrame": {
					"x": 0,
					"y": 0,
					"width": 2120,
					"height": 6179
				},
				"maskFrame": null,
				"image": {
					"path": "images/safe.png",
					"frame": {
						"x": 639,
						"y": 0,
						"width": 640,
						"height": 1136
					}
				},
				"imageType": "png",
				"children": [
					
				],
				"modification": "1511526165"
			},
			{
				"id": 198,
				"name": "conversations",
				"layerFrame": {
					"x": 0,
					"y": 0,
					"width": 2120,
					"height": 6179
				},
				"maskFrame": null,
				"image": null,
				"imageType": null,
				"children": [
					{
						"id": 220,
						"name": "keepHint",
						"layerFrame": {
							"x": 0,
							"y": 0,
							"width": 2120,
							"height": 6179
						},
						"maskFrame": null,
						"image": {
							"path": "images/keepHint.png",
							"frame": {
								"x": 1507,
								"y": 814,
								"width": 239,
								"height": 239
							}
						},
						"imageType": "png",
						"children": [
							
						],
						"modification": "158914656"
					},
					{
						"id": 215,
						"name": "conversationPhone",
						"layerFrame": {
							"x": 0,
							"y": 0,
							"width": 2120,
							"height": 6179
						},
						"maskFrame": null,
						"image": {
							"path": "images/conversationPhone.png",
							"frame": {
								"x": 1317,
								"y": 78,
								"width": 568,
								"height": 1175
							}
						},
						"imageType": "png",
						"children": [
							{
								"id": 231,
								"name": "chatMask",
								"layerFrame": {
									"x": 1370,
									"y": 542,
									"width": 467,
									"height": 506
								},
								"maskFrame": {
									"x": 1370,
									"y": 542,
									"width": 467,
									"height": 506
								},
								"image": null,
								"imageType": null,
								"children": [
									{
										"id": 229,
										"name": "chat2",
										"layerFrame": {
											"x": 0,
											"y": 0,
											"width": 2120,
											"height": 6179
										},
										"maskFrame": null,
										"image": {
											"path": "images/chat2.png",
											"frame": {
												"x": 1420,
												"y": 712,
												"width": 401,
												"height": 247
											}
										},
										"imageType": "png",
										"children": [
											
										],
										"modification": "538726480"
									},
									{
										"id": 226,
										"name": "chat1",
										"layerFrame": {
											"x": 0,
											"y": 0,
											"width": 2120,
											"height": 6179
										},
										"maskFrame": null,
										"image": {
											"path": "images/chat1.png",
											"frame": {
												"x": 1388,
												"y": 643,
												"width": 350,
												"height": 60
											}
										},
										"imageType": "png",
										"children": [
											
										],
										"modification": "1288051317"
									}
								],
								"modification": "655865196"
							}
						],
						"modification": "151486607"
					}
				],
				"modification": "795711633"
			},
			{
				"id": 81,
				"name": "scrollarama",
				"layerFrame": {
					"x": 0,
					"y": 0,
					"width": 2120,
					"height": 6179
				},
				"maskFrame": null,
				"image": null,
				"imageType": null,
				"children": [
					{
						"id": 194,
						"name": "shareHint",
						"layerFrame": {
							"x": 0,
							"y": 0,
							"width": 2120,
							"height": 6179
						},
						"maskFrame": null,
						"image": {
							"path": "images/shareHint.png",
							"frame": {
								"x": 1087,
								"y": 281,
								"width": 154,
								"height": 154
							}
						},
						"imageType": "png",
						"children": [
							
						],
						"modification": "804319168"
					},
					{
						"id": 110,
						"name": "shareText",
						"layerFrame": {
							"x": 0,
							"y": 0,
							"width": 2120,
							"height": 6179
						},
						"maskFrame": null,
						"image": {
							"path": "images/shareText.png",
							"frame": {
								"x": 1363,
								"y": 78,
								"width": 423,
								"height": 90
							}
						},
						"imageType": "png",
						"children": [
							
						],
						"modification": "1529801068"
					},
					{
						"id": 116,
						"name": "scrollHint",
						"layerFrame": {
							"x": 0,
							"y": 0,
							"width": 2120,
							"height": 6179
						},
						"maskFrame": null,
						"image": {
							"path": "images/scrollHint.png",
							"frame": {
								"x": 881,
								"y": 817,
								"width": 154,
								"height": 154
							}
						},
						"imageType": "png",
						"children": [
							
						],
						"modification": "117740254"
					},
					{
						"id": 106,
						"name": "scrollText",
						"layerFrame": {
							"x": 0,
							"y": 0,
							"width": 2120,
							"height": 6179
						},
						"maskFrame": null,
						"image": {
							"path": "images/scrollText.png",
							"frame": {
								"x": 756,
								"y": 78,
								"width": 409,
								"height": 84
							}
						},
						"imageType": "png",
						"children": [
							
						],
						"modification": "1557744991"
					},
					{
						"id": 99,
						"name": "scrollTick",
						"layerFrame": {
							"x": 0,
							"y": 0,
							"width": 2120,
							"height": 6179
						},
						"maskFrame": null,
						"image": {
							"path": "images/scrollTick.png",
							"frame": {
								"x": 952,
								"y": 1005,
								"width": 6,
								"height": 46
							}
						},
						"imageType": "png",
						"children": [
							
						],
						"modification": "882424675"
					},
					{
						"id": 111,
						"name": "scrollMask-2",
						"layerFrame": {
							"x": 726,
							"y": 985,
							"width": 474,
							"height": 61
						},
						"maskFrame": {
							"x": 726,
							"y": 985,
							"width": 474,
							"height": 61
						},
						"image": null,
						"imageType": null,
						"children": [
							{
								"id": 97,
								"name": "scrollDates",
								"layerFrame": {
									"x": 0,
									"y": 0,
									"width": 2120,
									"height": 6179
								},
								"maskFrame": null,
								"image": {
									"path": "images/scrollDates.png",
									"frame": {
										"x": 837,
										"y": 1011,
										"width": 1251,
										"height": 19
									}
								},
								"imageType": "png",
								"children": [
									
								],
								"modification": "87132015"
							}
						],
						"modification": "654931878"
					},
					{
						"id": 102,
						"name": "phone",
						"layerFrame": {
							"x": 0,
							"y": 0,
							"width": 2120,
							"height": 6179
						},
						"maskFrame": null,
						"image": {
							"path": "images/phone.png",
							"frame": {
								"x": 677,
								"y": 181,
								"width": 568,
								"height": 1072
							}
						},
						"imageType": "png",
						"children": [
							
						],
						"modification": "1882995350"
					},
					{
						"id": 86,
						"name": "scrollMask",
						"layerFrame": {
							"x": 727,
							"y": 313,
							"width": 474,
							"height": 672
						},
						"maskFrame": {
							"x": 727,
							"y": 313,
							"width": 474,
							"height": 672
						},
						"image": null,
						"imageType": null,
						"children": [
							{
								"id": 88,
								"name": "scrollPhotos",
								"layerFrame": {
									"x": 0,
									"y": 0,
									"width": 2120,
									"height": 6179
								},
								"maskFrame": null,
								"image": {
									"path": "images/scrollPhotos.png",
									"frame": {
										"x": 724,
										"y": 332,
										"width": 480,
										"height": 5602
									}
								},
								"imageType": "png",
								"children": [
									
								],
								"modification": "1158892384"
							}
						],
						"modification": "1177505212"
					}
				],
				"modification": "2006022384"
			},
			{
				"id": 70,
				"name": "welcome",
				"layerFrame": {
					"x": 0,
					"y": 0,
					"width": 2120,
					"height": 6179
				},
				"maskFrame": null,
				"image": {
					"path": "images/welcome.png",
					"frame": {
						"x": 99,
						"y": 332,
						"width": 441,
						"height": 393
					}
				},
				"imageType": "png",
				"children": [
					
				],
				"modification": "1854366076"
			},
			{
				"id": 19,
				"name": "splash",
				"layerFrame": {
					"x": 0,
					"y": 0,
					"width": 2120,
					"height": 6179
				},
				"maskFrame": null,
				"image": null,
				"imageType": null,
				"children": [
					{
						"id": 62,
						"name": "swipeHint",
						"layerFrame": {
							"x": 0,
							"y": 0,
							"width": 2120,
							"height": 6179
						},
						"maskFrame": null,
						"image": {
							"path": "images/swipeHint.png",
							"frame": {
								"x": 244,
								"y": 933,
								"width": 154,
								"height": 154
							}
						},
						"imageType": "png",
						"children": [
							
						],
						"modification": "156635287"
					},
					{
						"id": 54,
						"name": "logo",
						"layerFrame": {
							"x": 0,
							"y": 0,
							"width": 2120,
							"height": 6179
						},
						"maskFrame": null,
						"image": {
							"path": "images/logo.png",
							"frame": {
								"x": 47,
								"y": 159,
								"width": 547,
								"height": 513
							}
						},
						"imageType": "png",
						"children": [
							
						],
						"modification": "1852638167"
					},
					{
						"id": 24,
						"name": "pic3",
						"layerFrame": {
							"x": 0,
							"y": 0,
							"width": 2120,
							"height": 6179
						},
						"maskFrame": null,
						"image": {
							"path": "images/pic3.png",
							"frame": {
								"x": 402,
								"y": 524,
								"width": 156,
								"height": 157
							}
						},
						"imageType": "png",
						"children": [
							
						],
						"modification": "1822191800"
					},
					{
						"id": 26,
						"name": "pic2",
						"layerFrame": {
							"x": 0,
							"y": 0,
							"width": 2120,
							"height": 6179
						},
						"maskFrame": null,
						"image": {
							"path": "images/pic2.png",
							"frame": {
								"x": 400,
								"y": 364,
								"width": 159,
								"height": 159
							}
						},
						"imageType": "png",
						"children": [
							
						],
						"modification": "1789719545"
					},
					{
						"id": 34,
						"name": "pic1",
						"layerFrame": {
							"x": 0,
							"y": 0,
							"width": 2120,
							"height": 6179
						},
						"maskFrame": null,
						"image": {
							"path": "images/pic1.png",
							"frame": {
								"x": 82,
								"y": 362,
								"width": 318,
								"height": 319
							}
						},
						"imageType": "png",
						"children": [
							
						],
						"modification": "1134198540"
					},
					{
						"id": 28,
						"name": "pic4",
						"layerFrame": {
							"x": 0,
							"y": 0,
							"width": 2120,
							"height": 6179
						},
						"maskFrame": null,
						"image": {
							"path": "images/pic4.png",
							"frame": {
								"x": 83,
								"y": 684,
								"width": 152,
								"height": 156
							}
						},
						"imageType": "png",
						"children": [
							
						],
						"modification": "1109203701"
					},
					{
						"id": 30,
						"name": "pic5",
						"layerFrame": {
							"x": 0,
							"y": 0,
							"width": 2120,
							"height": 6179
						},
						"maskFrame": null,
						"image": {
							"path": "images/pic5.png",
							"frame": {
								"x": 239,
								"y": 683,
								"width": 158,
								"height": 157
							}
						},
						"imageType": "png",
						"children": [
							
						],
						"modification": "1105479954"
					},
					{
						"id": 32,
						"name": "pic6",
						"layerFrame": {
							"x": 0,
							"y": 0,
							"width": 2120,
							"height": 6179
						},
						"maskFrame": null,
						"image": {
							"path": "images/pic6.png",
							"frame": {
								"x": 402,
								"y": 684,
								"width": 157,
								"height": 157
							}
						},
						"imageType": "png",
						"children": [
							
						],
						"modification": "1081319387"
					},
					{
						"id": 37,
						"name": "splashPhone",
						"layerFrame": {
							"x": 0,
							"y": 0,
							"width": 2120,
							"height": 6179
						},
						"maskFrame": null,
						"image": {
							"path": "images/splashPhone.png",
							"frame": {
								"x": 34,
								"y": 49,
								"width": 568,
								"height": 862
							}
						},
						"imageType": "png",
						"children": [
							
						],
						"modification": "1080395927"
					},
					{
						"id": 6,
						"name": "btnContinue",
						"layerFrame": {
							"x": 0,
							"y": 0,
							"width": 2120,
							"height": 6179
						},
						"maskFrame": null,
						"image": {
							"path": "images/btnContinue.png",
							"frame": {
								"x": 40,
								"y": 940,
								"width": 560,
								"height": 100
							}
						},
						"imageType": "png",
						"children": [
							
						],
						"modification": "1710621364"
					}
				],
				"modification": "1020683133"
			}
		],
		"modification": "1523180806"
	}
]