[
	{
		"id": 47,
		"name": "Content",
		"layerFrame": {
			"x": 0,
			"y": 0,
			"width": 640,
			"height": 2500
		},
		"maskFrame": null,
		"image": null,
		"imageType": null,
		"children": [
			{
				"id": 74,
				"name": "StatusBar",
				"layerFrame": {
					"x": 0,
					"y": 0,
					"width": 640,
					"height": 2500
				},
				"maskFrame": null,
				"image": {
					"path": "images/StatusBar.png",
					"frame": {
						"x": 0,
						"y": 0,
						"width": 640,
						"height": 73
					}
				},
				"imageType": "png",
				"children": [
					
				],
				"modification": "815221705"
			},
			{
				"id": 166,
				"name": "WhiteLogo",
				"layerFrame": {
					"x": 0,
					"y": 0,
					"width": 640,
					"height": 2500
				},
				"maskFrame": null,
				"image": {
					"path": "images/WhiteLogo.png",
					"frame": {
						"x": 188,
						"y": 89,
						"width": 265,
						"height": 93
					}
				},
				"imageType": "png",
				"children": [
					
				],
				"modification": "1811925479"
			},
			{
				"id": 28,
				"name": "ColorLogo",
				"layerFrame": {
					"x": 0,
					"y": 0,
					"width": 640,
					"height": 2500
				},
				"maskFrame": null,
				"image": {
					"path": "images/ColorLogo.png",
					"frame": {
						"x": 123,
						"y": 297,
						"width": 395,
						"height": 134
					}
				},
				"imageType": "png",
				"children": [
					
				],
				"modification": "1811925482"
			},
			{
				"id": 146,
				"name": "Mic",
				"layerFrame": {
					"x": 0,
					"y": 0,
					"width": 640,
					"height": 2500
				},
				"maskFrame": null,
				"image": {
					"path": "images/Mic.png",
					"frame": {
						"x": 534,
						"y": 513,
						"width": 32,
						"height": 45
					}
				},
				"imageType": "png",
				"children": [
					
				],
				"modification": "1811925505"
			},
			{
				"id": 170,
				"name": "Searchbox",
				"layerFrame": {
					"x": 0,
					"y": 0,
					"width": 640,
					"height": 2500
				},
				"maskFrame": null,
				"image": {
					"path": "images/Searchbox.png",
					"frame": {
						"x": 28,
						"y": 477,
						"width": 584,
						"height": 120
					}
				},
				"imageType": "png",
				"children": [
					
				],
				"modification": "1811925508"
			},
			{
				"id": 156,
				"name": "Cards",
				"layerFrame": {
					"x": 0,
					"y": 0,
					"width": 640,
					"height": 2500
				},
				"maskFrame": null,
				"image": null,
				"imageType": null,
				"children": [
					{
						"id": 35,
						"name": "TrafficCard",
						"layerFrame": {
							"x": 0,
							"y": 0,
							"width": 640,
							"height": 2500
						},
						"maskFrame": null,
						"image": {
							"path": "images/TrafficCard.png",
							"frame": {
								"x": 16,
								"y": 922,
								"width": 608,
								"height": 471
							}
						},
						"imageType": "png",
						"children": [
							
						],
						"modification": "1811925511"
					},
					{
						"id": 33,
						"name": "MovieCard",
						"layerFrame": {
							"x": 0,
							"y": 0,
							"width": 640,
							"height": 2500
						},
						"maskFrame": null,
						"image": {
							"path": "images/MovieCard.png",
							"frame": {
								"x": 16,
								"y": 1406,
								"width": 608,
								"height": 897
							}
						},
						"imageType": "png",
						"children": [
							
						],
						"modification": "1742666106"
					},
					{
						"id": 39,
						"name": "TimeCard",
						"layerFrame": {
							"x": 0,
							"y": 0,
							"width": 640,
							"height": 2500
						},
						"maskFrame": null,
						"image": {
							"path": "images/TimeCard.png",
							"frame": {
								"x": 16,
								"y": 2322,
								"width": 608,
								"height": 147
							}
						},
						"imageType": "png",
						"children": [
							
						],
						"modification": "1811925538"
					}
				],
				"modification": "1970359821"
			},
			{
				"id": 41,
				"name": "Context",
				"layerFrame": {
					"x": 0,
					"y": 0,
					"width": 640,
					"height": 2500
				},
				"maskFrame": null,
				"image": {
					"path": "images/Context.png",
					"frame": {
						"x": 0,
						"y": 0,
						"width": 640,
						"height": 360
					}
				},
				"imageType": "png",
				"children": [
					
				],
				"modification": "1811925541"
			},
			{
				"id": 23,
				"name": "Top",
				"layerFrame": {
					"x": 0,
					"y": 0,
					"width": 640,
					"height": 2500
				},
				"maskFrame": null,
				"image": {
					"path": "images/Top.png",
					"frame": {
						"x": 42,
						"y": 22,
						"width": 578,
						"height": 60
					}
				},
				"imageType": "png",
				"children": [
					
				],
				"modification": "1425658782"
			},
			{
				"id": 43,
				"name": "Background",
				"layerFrame": {
					"x": 0,
					"y": 0,
					"width": 640,
					"height": 2500
				},
				"maskFrame": null,
				"image": {
					"path": "images/Background.png",
					"frame": {
						"x": 0,
						"y": 0,
						"width": 640,
						"height": 1136
					}
				},
				"imageType": "png",
				"children": [
					
				],
				"modification": "1811925569"
			}
		],
		"modification": "1335177858"
	}
]