[
  {
    "name": "artboard",
    "layerFrame": {
      "x": 0,
      "y": 0,
      "width": 640,
      "height": 1136
    },
    "maskFrame": null,
    "children": [
      {
        "name": "intro",
        "layerFrame": {
          "x": 0,
          "y": 0,
          "width": 640,
          "height": 1136
        },
        "maskFrame": null,
        "image": {
          "path": "images/intro.png",
          "frame": {
            "x": 0,
            "y": 0,
            "width": 640,
            "height": 1136
          }
        },
        "imageType": "png",
        "children": []
      },
      {
        "name": "convopopover",
        "layerFrame": {
          "x": 14,
          "y": 486,
          "width": 486,
          "height": 104
        },
        "maskFrame": null,
        "image": {
          "path": "images/convopopover.png",
          "frame": {
            "x": 14,
            "y": 486,
            "width": 486,
            "height": 104
          }
        },
        "imageType": "png",
        "children": []
      },
      {
        "name": "cardtext",
        "layerFrame": {
          "x": 95,
          "y": 75,
          "width": 450,
          "height": 70
        },
        "maskFrame": null,
        "image": {
          "path": "images/cardtext.png",
          "frame": {
            "x": 95,
            "y": 75,
            "width": 450,
            "height": 70
          }
        },
        "imageType": "png",
        "children": []
      },
      {
        "name": "convo",
        "layerFrame": {
          "x": 0,
          "y": 600,
          "width": 640,
          "height": 536
        },
        "maskFrame": null,
        "image": {
          "path": "images/convo.png",
          "frame": {
            "x": 0,
            "y": 600,
            "width": 640,
            "height": 536
          }
        },
        "imageType": "png",
        "children": [
          {
            "name": "convoclose",
            "layerFrame": {
              "x": 0,
              "y": 600,
              "width": 102,
              "height": 99
            },
            "maskFrame": null,
            "image": {
              "path": "images/convoclose.png",
              "frame": {
                "x": 0,
                "y": 600,
                "width": 102,
                "height": 99
              }
            },
            "imageType": "png",
            "children": []
          }
        ]
      },
      {
        "name": "heartcta",
        "layerFrame": {
          "x": 80,
          "y": 730,
          "width": 486,
          "height": 252
        },
        "maskFrame": null,
        "image": {
          "path": "images/heartcta.png",
          "frame": {
            "x": 80,
            "y": 730,
            "width": 486,
            "height": 252
          }
        },
        "imageType": "png",
        "children": [
          {
            "name": "heartctaheart",
            "layerFrame": {
              "x": 402,
              "y": 836,
              "width": 112,
              "height": 144
            },
            "maskFrame": null,
            "image": {
              "path": "images/heartctaheart.png",
              "frame": {
                "x": 402,
                "y": 836,
                "width": 112,
                "height": 144
              }
            },
            "imageType": "png",
            "children": []
          }
        ]
      },
      {
        "name": "card",
        "layerFrame": {
          "x": 0,
          "y": 0,
          "width": 640,
          "height": 712
        },
        "maskFrame": null,
        "children": [
          {
            "name": "pagecontrol",
            "layerFrame": {
              "x": 251,
              "y": 546,
              "width": 138,
              "height": 22
            },
            "maskFrame": null,
            "image": {
              "path": "images/pagecontrol.png",
              "frame": {
                "x": 251,
                "y": 546,
                "width": 138,
                "height": 22
              }
            },
            "imageType": "png",
            "children": []
          },
          {
            "name": "cardattach",
            "layerFrame": {
              "x": 0,
              "y": 0,
              "width": 640,
              "height": 712
            },
            "maskFrame": null,
            "image": {
              "path": "images/cardattach.png",
              "frame": {
                "x": 0,
                "y": 0,
                "width": 640,
                "height": 712
              }
            },
            "imageType": "png",
            "children": []
          }
        ]
      },
      {
        "name": "tappopover",
        "layerFrame": {
          "x": 154,
          "y": 842,
          "width": 338,
          "height": 94
        },
        "maskFrame": null,
        "image": {
          "path": "images/tappopover.png",
          "frame": {
            "x": 154,
            "y": 842,
            "width": 338,
            "height": 94
          }
        },
        "imageType": "png",
        "children": []
      },
      {
        "name": "signupcta",
        "layerFrame": {
          "x": 86,
          "y": 383,
          "width": 468,
          "height": 340
        },
        "maskFrame": null,
        "image": {
          "path": "images/signupcta.png",
          "frame": {
            "x": 86,
            "y": 383,
            "width": 468,
            "height": 340
          }
        },
        "imageType": "png",
        "children": []
      },
      {
        "name": "refreshbutton",
        "layerFrame": {
          "x": 297,
          "y": 880,
          "width": 47,
          "height": 47
        },
        "maskFrame": null,
        "image": {
          "path": "images/refresh.png",
          "frame": {
            "x": 297,
            "y": 880,
            "width": 47,
            "height": 47
          }
        },
        "imageType": "png",
        "children": []
      },
      {
        "name": "bg",
        "layerFrame": {
          "x": 0,
          "y": 0,
          "width": 640,
          "height": 1136
        },
        "maskFrame": null,
        "image": {
          "path": "images/bg.png",
          "frame": {
            "x": 0,
            "y": 0,
            "width": 640,
            "height": 1136
          }
        },
        "imageType": "png",
        "children": []
      }
    ]
  }
]