[
  {
    "name": "Phone",
    "layerFrame": {
      "x": 0,
      "y": 0,
      "width": 640,
      "height": 1136
    },
    "maskFrame": {
      "x": 0,
      "y": 0,
      "width": 640,
      "height": 1136
    },
    "image": {
      "path": "images/Phone.png",
      "frame": {
        "x": 0,
        "y": 0,
        "width": 640,
        "height": 1136
      }
    },
    "imageType": "png",
    "children": [
      {
        "name": "Lightbox",
        "layerFrame": {
          "x": 0,
          "y": 0,
          "width": 640,
          "height": 1136
        },
        "maskFrame": null,
        "image": {
          "path": "images/Lightbox.png",
          "frame": {
            "x": 0,
            "y": 0,
            "width": 640,
            "height": 1136
          }
        },
        "imageType": "png",
        "visible": false,
        "children": []
      },
      {
        "name": "Header",
        "layerFrame": {
          "x": 0,
          "y": 0,
          "width": 640,
          "height": 129
        },
        "maskFrame": null,
        "image": {
          "path": "images/Header.png",
          "frame": {
            "x": 0,
            "y": 0,
            "width": 640,
            "height": 129
          }
        },
        "imageType": "png",
        "children": []
      },
      {
        "name": "Footer",
        "layerFrame": {
          "x": 0,
          "y": 1047,
          "width": 640,
          "height": 89
        },
        "maskFrame": null,
        "image": {
          "path": "images/Footer.png",
          "frame": {
            "x": 0,
            "y": 1047,
            "width": 640,
            "height": 89
          }
        },
        "imageType": "png",
        "children": []
      },
      {
        "name": "FeedScroll",
        "layerFrame": {
          "x": 0,
          "y": 128,
          "width": 640,
          "height": 920
        },
        "maskFrame": {
          "x": 0,
          "y": 128,
          "width": 640,
          "height": 920
        },
        "image": {
          "path": "images/FeedScroll.png",
          "frame": {
            "x": 0,
            "y": 128,
            "width": 640,
            "height": 920
          }
        },
        "imageType": "png",
        "children": [
          {
            "name": "FeedContents",
            "layerFrame": {
              "x": 0,
              "y": 0,
              "width": 640,
              "height": 2908
            },
            "maskFrame": null,
            "image": {
              "path": "images/FeedContents.png",
              "frame": {
                "x": 0,
                "y": 0,
                "width": 640,
                "height": 2908
              }
            },
            "imageType": "png",
            "children": [
              {
                "name": "PhotoGrid",
                "layerFrame": {
                  "x": 8,
                  "y": 361,
                  "width": 624,
                  "height": 2372
                },
                "maskFrame": null,
                "children": [
                  {
                    "name": "Grid7",
                    "layerFrame": {
                      "x": 8,
                      "y": 2209,
                      "width": 624,
                      "height": 524
                    },
                    "maskFrame": {
                      "x": 8,
                      "y": 2209,
                      "width": 624,
                      "height": 524
                    },
                    "image": {
                      "path": "images/Grid7.png",
                      "frame": {
                        "x": 8,
                        "y": 2209,
                        "width": 624,
                        "height": 524
                      }
                    },
                    "imageType": "png",
                    "children": [
                      {
                        "name": "Image7",
                        "layerFrame": {
                          "x": 7,
                          "y": 2158,
                          "width": 626,
                          "height": 626
                        },
                        "maskFrame": null,
                        "image": {
                          "path": "images/Image7.png",
                          "frame": {
                            "x": 7,
                            "y": 2158,
                            "width": 626,
                            "height": 626
                          }
                        },
                        "imageType": "png",
                        "children": []
                      }
                    ]
                  },
                  {
                    "name": "Grid6",
                    "layerFrame": {
                      "x": 8,
                      "y": 1304,
                      "width": 624,
                      "height": 524
                    },
                    "maskFrame": {
                      "x": 8,
                      "y": 1304,
                      "width": 624,
                      "height": 524
                    },
                    "image": {
                      "path": "images/Grid6.png",
                      "frame": {
                        "x": 8,
                        "y": 1304,
                        "width": 624,
                        "height": 524
                      }
                    },
                    "imageType": "png",
                    "children": [
                      {
                        "name": "Image6",
                        "layerFrame": {
                          "x": 6,
                          "y": 1280,
                          "width": 628,
                          "height": 628
                        },
                        "maskFrame": null,
                        "image": {
                          "path": "images/Image6.png",
                          "frame": {
                            "x": 6,
                            "y": 1280,
                            "width": 628,
                            "height": 628
                          }
                        },
                        "imageType": "png",
                        "children": []
                      }
                    ]
                  },
                  {
                    "name": "Grid5",
                    "layerFrame": {
                      "x": 324,
                      "y": 781,
                      "width": 308,
                      "height": 202
                    },
                    "maskFrame": {
                      "x": 324,
                      "y": 781,
                      "width": 308,
                      "height": 202
                    },
                    "image": {
                      "path": "images/Grid5.png",
                      "frame": {
                        "x": 324,
                        "y": 781,
                        "width": 308,
                        "height": 202
                      }
                    },
                    "imageType": "png",
                    "children": [
                      {
                        "name": "Image5",
                        "layerFrame": {
                          "x": 288,
                          "y": 773,
                          "width": 380,
                          "height": 214
                        },
                        "maskFrame": null,
                        "image": {
                          "path": "images/Image5.png",
                          "frame": {
                            "x": 288,
                            "y": 773,
                            "width": 380,
                            "height": 214
                          }
                        },
                        "imageType": "png",
                        "children": []
                      }
                    ]
                  },
                  {
                    "name": "Grid4",
                    "layerFrame": {
                      "x": 324,
                      "y": 571,
                      "width": 308,
                      "height": 202
                    },
                    "maskFrame": {
                      "x": 324,
                      "y": 571,
                      "width": 308,
                      "height": 202
                    },
                    "image": {
                      "path": "images/Grid4.png",
                      "frame": {
                        "x": 324,
                        "y": 571,
                        "width": 308,
                        "height": 202
                      }
                    },
                    "imageType": "png",
                    "children": [
                      {
                        "name": "Image4",
                        "layerFrame": {
                          "x": 247,
                          "y": 558,
                          "width": 391,
                          "height": 220
                        },
                        "maskFrame": null,
                        "image": {
                          "path": "images/Image4.png",
                          "frame": {
                            "x": 247,
                            "y": 558,
                            "width": 391,
                            "height": 220
                          }
                        },
                        "imageType": "png",
                        "children": []
                      }
                    ]
                  },
                  {
                    "name": "Grid3",
                    "layerFrame": {
                      "x": 324,
                      "y": 361,
                      "width": 308,
                      "height": 202
                    },
                    "maskFrame": {
                      "x": 324,
                      "y": 361,
                      "width": 308,
                      "height": 202
                    },
                    "image": {
                      "path": "images/Grid3.png",
                      "frame": {
                        "x": 324,
                        "y": 361,
                        "width": 308,
                        "height": 202
                      }
                    },
                    "imageType": "png",
                    "children": [
                      {
                        "name": "Image3",
                        "layerFrame": {
                          "x": 260,
                          "y": 359,
                          "width": 372,
                          "height": 209
                        },
                        "maskFrame": null,
                        "image": {
                          "path": "images/Image3.png",
                          "frame": {
                            "x": 260,
                            "y": 359,
                            "width": 372,
                            "height": 209
                          }
                        },
                        "imageType": "png",
                        "children": []
                      }
                    ]
                  },
                  {
                    "name": "Grid2",
                    "layerFrame": {
                      "x": 8,
                      "y": 676,
                      "width": 308,
                      "height": 307
                    },
                    "maskFrame": {
                      "x": 8,
                      "y": 676,
                      "width": 308,
                      "height": 307
                    },
                    "image": {
                      "path": "images/Grid2.png",
                      "frame": {
                        "x": 8,
                        "y": 676,
                        "width": 308,
                        "height": 307
                      }
                    },
                    "imageType": "png",
                    "children": [
                      {
                        "name": "Image2",
                        "layerFrame": {
                          "x": -126,
                          "y": 669,
                          "width": 565,
                          "height": 318
                        },
                        "maskFrame": null,
                        "image": {
                          "path": "images/Image2.png",
                          "frame": {
                            "x": -126,
                            "y": 669,
                            "width": 565,
                            "height": 318
                          }
                        },
                        "imageType": "png",
                        "children": []
                      }
                    ]
                  },
                  {
                    "name": "Grid1",
                    "layerFrame": {
                      "x": 8,
                      "y": 361,
                      "width": 308,
                      "height": 307
                    },
                    "maskFrame": {
                      "x": 8,
                      "y": 361,
                      "width": 308,
                      "height": 307
                    },
                    "image": {
                      "path": "images/Grid1.png",
                      "frame": {
                        "x": 8,
                        "y": 361,
                        "width": 308,
                        "height": 307
                      }
                    },
                    "imageType": "png",
                    "children": [
                      {
                        "name": "Image1",
                        "layerFrame": {
                          "x": -134,
                          "y": 359,
                          "width": 594,
                          "height": 334
                        },
                        "maskFrame": null,
                        "image": {
                          "path": "images/Image1.png",
                          "frame": {
                            "x": -134,
                            "y": 359,
                            "width": 594,
                            "height": 334
                          }
                        },
                        "imageType": "png",
                        "children": []
                      }
                    ]
                  }
                ]
              }
            ]
          }
        ]
      },
      {
        "name": "Black",
        "layerFrame": {
          "x": 0,
          "y": 0,
          "width": 640,
          "height": 1136
        },
        "maskFrame": {
          "x": 0,
          "y": 0,
          "width": 640,
          "height": 1136
        },
        "image": {
          "path": "images/Black.png",
          "frame": {
            "x": 0,
            "y": 0,
            "width": 640,
            "height": 1136
          }
        },
        "imageType": "png",
        "children": []
      }
    ]
  }
]